<?xml version="1.0"?>
<doc>
    <assembly>
        <name>KLibrary.Labs.WinRT</name>
    </assembly>
    <members>
        <member name="T:KLibrary.Labs.UI.Input.InkTextRecognizer">
            <summary>
            Provides handwriting recognition for strokes.
            </summary>
        </member>
        <member name="M:KLibrary.Labs.UI.Input.InkTextRecognizer.#ctor">
            <summary>
            Initializes a new instance of the <see cref="T:KLibrary.Labs.UI.Input.InkTextRecognizer"/> class.
            </summary>
        </member>
        <member name="M:KLibrary.Labs.UI.Input.InkTextRecognizer.Clear">
            <summary>
            Clear the strokes.
            The empty states will be notified via <see cref="P:KLibrary.Labs.UI.Input.InkTextRecognizer.AllResultsArrived"/>, <see cref="P:KLibrary.Labs.UI.Input.InkTextRecognizer.CandidatesArrived"/> and <see cref="P:KLibrary.Labs.UI.Input.InkTextRecognizer.BestResultArrived"/>.
            </summary>
        </member>
        <member name="M:KLibrary.Labs.UI.Input.InkTextRecognizer.AddStroke(System.Windows.Ink.Stroke)">
            <summary>
            Adds a stroke.
            </summary>
            <param name="stroke">The <see cref="T:System.Windows.Ink.Stroke"/> object.</param>
        </member>
        <member name="M:KLibrary.Labs.UI.Input.InkTextRecognizer.AddStroke(System.Collections.Generic.IEnumerable{System.Windows.Point})">
            <summary>
            Adds a stroke by points.
            </summary>
            <param name="points">The collection of points.</param>
        </member>
        <member name="M:KLibrary.Labs.UI.Input.InkTextRecognizer.UndoStroke">
            <summary>
            Undo the last stroke.
            </summary>
        </member>
        <member name="M:KLibrary.Labs.UI.Input.InkTextRecognizer.RecognizeAsync">
            <summary>
            Performs handwriting recognition for the strokes.
            The results of the recognition will be notified via <see cref="P:KLibrary.Labs.UI.Input.InkTextRecognizer.AllResultsArrived"/>, <see cref="P:KLibrary.Labs.UI.Input.InkTextRecognizer.CandidatesArrived"/> and <see cref="P:KLibrary.Labs.UI.Input.InkTextRecognizer.BestResultArrived"/>.
            </summary>
        </member>
        <member name="P:KLibrary.Labs.UI.Input.InkTextRecognizer.Culture">
            <summary>
            Gets or sets the culture to be used for handwriting recognition.
            </summary>
        </member>
    </members>
</doc>
